year,team,player
2022,CSK,Suresh Raina
2022,CSK,Imran Tahir
2022,CSK,KM Asif
2022,CSK,Dwayne Bravo
2022,CSK,Deepak Chahar
2022,CSK,Josh Hazlewood
2022,CSK,Shardul Thakur
2022,CSK,Karn Sharma
2022,CSK,Mitchell Santner
2022,CSK,Faf du Plessis
2022,CSK,Krishnappa Gowtham
2022,CSK,Lungi Ngidi
2022,CSK,Sai Kishore
2022,CSK,Narayan Jagadeesan
2022,CSK,Ambati Rayudu
2022,CSK,Cheteshwar Pujara
2022,CSK,Hari Nishanth
2022,DC,Shimron Hetmyer
2022,DC,Steven Smith
2022,DC,Avesh Khan
2022,DC,Ajinkya Rahane
2022,DC,Praveen Dubey
2022,DC,Amit Mishra
2022,DC,Ishant Sharma
2022,DC,Ripal Patel
2022,DC,Shreyas Iyer
2022,DC,Sam Billings
2022,DC,Lalit Yadav
2022,DC,Manimaran Siddharth
2022,DC,Shikhar Dhawan
2022,DC,Vishnu Vinod
2022,DC,Kagiso Rabada
2022,DC,Umesh Yadav
2022,DC,Ravichandran Ashwin
2022,KKR,Shivam Mavi
2022,KKR,Kamlesh Nagarkoti
2022,KKR,Dinesh Karthik
2022,KKR,Ben Cutting
2022,KKR,Sheldon Jackson
2022,KKR,Nitish Rana
2022,KKR,Eoin Morgan
2022,KKR,Tim Seifert
2022,KKR,Rinku Singh
2022,KKR,Vaibhav Arora
2022,KKR,Karun Nair
2022,KKR,Sandeep Warrier
2022,KKR,Shakib Al Hasan
2022,KKR,Kuldeep Yadav
2022,KKR,Lockie Ferguson
2022,KKR,Pawan Negi
2022,KKR,Prasidh Krishna
2022,KKR,Rahul Tripathi
2022,KKR,Pat Cummins
2022,MI,Ishan Kishan
2022,MI,Piyush Chawla
2022,MI,Nathan Coulter-Nile
2022,MI,Adam Milne
2022,MI,Quinton de Kock
2022,MI,Marco Jansen
2022,MI,James Neesham
2022,MI,Arjun Tendulkar
2022,MI,Anmolpreet Singh
2022,MI,Trent Boult
2022,MI,Dhawal Kulkarni
2022,MI,Rahul Chahar
2022,MI,Saurabh Tiwary
2022,MI,Krunal Pandya
2022,MI,Anukul Roy
2022,MI,Mohsin Khan
2022,MI,Jayant Yadav
2022,PBKS,Fabian Allen
2022,PBKS,Saurabh Kumar
2022,PBKS,Harpreet Brar
2022,PBKS,Sarfaraz Khan
2022,PBKS,Moises Henriques
2022,PBKS,Riley Meredith
2022,PBKS,Dawid Malan
2022,PBKS,Mohammed Shami
2022,PBKS,Murugan Ashwin
2022,PBKS,M Shahrukh Khan
2022,PBKS,Nicholas Pooran
2022,PBKS,Mandeep Singh
2022,PBKS,Deepak Hooda
2022,PBKS,Chris Jordan
2022,PBKS,Utkarsh Singh
2022,PBKS,Ishan Porel
2022,PBKS,Darshan Nalkande
2022,RCB,Washington Sundar
2022,RCB,Sachin Baby
2022,RCB,Rajat Patidar
2022,RCB,Yuzvendra Chahal
2022,RCB,Devdutt Padikkal
2022,RCB,Suyash Prabhudessai
2022,RCB,Navdeep Saini
2022,RCB,Kane Richardson
2022,RCB,Shahbaz Ahmed
2022,RCB,Srikar Bharat
2022,RCB,Adam Zampa
2022,RCB,Mohammed Azharuddeen
2022,RR,Riyan Parag
2022,RR,Anuj Rawat
2022,RR,Shreyas Gopal
2022,RR,Kuldip Yadav
2022,RR,Chetan Sakariya
2022,RR,Jofra Archer
2022,RR,David Miller
2022,RR,Manan Vohra
2022,RR,Mayank Markande
2022,RR,Liam Livingstone
2022,RR,Andrew Tye
2022,RR,Rahul Tewatia
2022,RR,Akash Singh
2022,RR,Shivam Dube
2022,RR,Kartik Tyagi
2022,RR,Mustafizur Rahman
2022,RR,Jaydev Unadkat
2022,RR,Mahipal Lomror
2022,RR,KC Cariappa
2022,SRH,Jagadeesha Suchith
2022,SRH,Priyam Garg
2022,SRH,Virat Singh
2022,SRH,Mohammad Nabi
2022,SRH,Vijay Shankar
2022,SRH,Jonny Bairstow
2022,SRH,Shahbaz Nadeem
2022,SRH,Bhuvneshwar Kumar
2022,SRH,Manish Pandey
2022,SRH,Wriddhiman Saha
2022,SRH,Sandeep Sharma
2022,SRH,Mujeeb Ur Rahman
2022,SRH,Abhishek Sharma
2022,SRH,David Warner
2022,SRH,Jason Holder
2022,SRH,T Natarajan
2022,SRH,Khaleel Ahmed
2022,SRH,Basil Thampi
2022,SRH,Mitchell Marsh
2022,SRH,Siddarth Kaul
2023,CSK,Adam Milne
2023,CSK,Bhagath Varma
2023,CSK,KM Asif
2023,CSK,Chris Jordan
2023,CSK,Narayan Jagadeesan
2023,DC,Mandeep Singh
2023,DC,Srikar Bharat
2023,GT,Varun Aaron
2023,KKR,Shivam Mavi
2023,KKR,Baba Indrajith
2023,KKR,Mohammad Nabi
2023,KKR,Ajinkya Rahane
2023,LSG,Dushmantha Chameera
2023,LSG,Manish Pandey
2023,LSG,Jason Holder
2023,MI,Daniel Sams
2023,MI,Riley Meredith
2023,MI,Anmolpreet Singh
2023,MI,Murugan Ashwin
2023,MI,Mayank Markande
2023,MI,Sanjay Yadav
2023,MI,Jaydev Unadkat
2023,PBKS,Odean Smith
2023,PBKS,Vaibhav Arora
2023,PBKS,Sandeep Sharma
2023,PBKS,Mayank Agarwal
2023,PBKS,Prerak Mankad
2023,RCB,Sherfane Rutherford
2023,RR,Daryl Mitchell
2023,RR,Rassie van der Dussen
2023,RR,James Neesham
2023,RR,Tejas Baroka
2023,SRH,Jagadeesha Suchith
2023,SRH,Kane Williamson
2023,SRH,Priyam Garg
2023,SRH,Shreyas Gopal
2023,SRH,Romario Shepherd
2023,SRH,Nicholas Pooran
2023,SRH,Shashank Singh
2023,SRH,Vishnu Vinod
2024,DC,Kamlesh Nagarkoti
2024,DC,Chetan Sakariya
2024,DC,Rilee Rossouw
2024,DC,Manish Pandey
2024,DC,Rovman Powell
2024,DC,Mustafizur Rahman
2024,DC,Sarfaraz Khan
2024,DC,Phil Salt
2024,GT,Shivam Mavi
2024,GT,Alzarri Joseph
2024,GT,Yash Dayal
2024,GT,Odean Smith
2024,GT,Urvil Patel
2024,GT,Srikar Bharat
2024,KKR,Umesh Yadav
2024,LSG,Swapnil Singh
2024,LSG,Manan Vohra
2024,LSG,Jaydev Unadkat
2024,MI,Tristan Stubbs
2024,MI,Jhye Richardson
2024,MI,Arshad Khan
2024,MI,Hrithik Shokeen
2024,MI,Ramandeep Singh
2024,PBKS,M Shahrukh Khan
2024,PBKS,Raj Bawa
2024,RCB,Harshal Patel
2024,RCB,Finn Allen
2024,RCB,Josh Hazlewood
2024,RCB,Wanindu Hasaranga
2024,RCB,David Willey
2024,RR,Kuldip Yadav
2024,RR,KM Asif
2024,RR,Murugan Ashwin
2024,SRH,Harry Brook
2024,SRH,Adil Rashid
2024,SRH,Akeal Hosein
2024,SRH,Kartik Tyagi
2024,SRH,Vivrant Sharma
2025,CSK,Aravelly Avanish
2025,CSK,Simarjeet Singh
2025,CSK,Sameer Rizvi
2025,CSK,Daryl Mitchell
2025,CSK,Nishant Sindhu
2025,CSK,Ajinkya Rahane
2025,CSK,Maheesh Theekshana
2025,CSK,Devon Conway
2025,CSK,Shaik Rasheed
2025,CSK,Tushar Deshpande
2025,CSK,Moeen Ali
2025,CSK,Prashant Solanki
2025,CSK,Deepak Chahar
2025,CSK,Shardul Thakur
2025,CSK,Mitchell Santner
2025,CSK,Rajvardhan Hangargekar
2025,CSK,Mukesh Choudhary
2025,CSK,Ajay Jadav Mandal
2025,CSK,Mustafizur Rahman
2025,DC,Harry Brook
2025,DC,Rishabh Pant
2025,DC,Rasikh Salam
2025,DC,Jhye Richardson
2025,DC,Swastik Chikara
2025,DC,Anrich Nortje
2025,DC,Kumar Kushagra
2025,DC,Praveen Dubey
2025,DC,Prithvi Shaw
2025,DC,Ishant Sharma
2025,DC,Yash Dhull
2025,DC,Shai Hope
2025,DC,Lungi Ngidi
2025,DC,David Warner
2025,DC,Lalit Yadav
2025,DC,Khaleel Ahmed
2025,DC,Mitchell Marsh
2025,GT,Abhinav Manohar
2025,GT,Kane Williamson
2025,GT,Azmatullah Omarzai
2025,GT,Robin Minz
2025,GT,David Miller
2025,GT,Vijay Shankar
2025,GT,Josh Little
2025,GT,Manav Suthar
2025,GT,Mohammed Shami
2025,GT,Mohit Sharma
2025,GT,Spencer Johnson
2025,GT,Kartik Tyagi
2025,GT,Umesh Yadav
2025,GT,Noor Ahmad
2025,GT,Jayant Yadav
2025,GT,Darshan Nalkande
2025,KKR,Sakib Hussain
2025,KKR,Venkatesh Iyer
2025,KKR,Chetan Sakariya
2025,KKR,Nitish Rana
2025,KKR,Suyash Sharma
2025,KKR,Manish Pandey
2025,KKR,Gus Atkinson
2025,KKR,Vaibhav Arora
2025,KKR,Sherfane Rutherford
2025,KKR,Shreyas Iyer
2025,KKR,Mujeeb Ur Rahman
2025,KKR,Anukul Roy
2025,KKR,Rahmanullah Gurbaz
2025,KKR,Angkrish Raghuvanshi
2025,KKR,Srikar Bharat
2025,KKR,Mitchell Starc
2025,LSG,Marcus Stoinis
2025,LSG,Shivam Mavi
2025,LSG,KL Rahul
2025,LSG,Naveen-ul-Haq
2025,LSG,Quinton de Kock
2025,LSG,Arshad Khan
2025,LSG,Arshin Kulkarni
2025,LSG,Yudhvir Singh
2025,LSG,Ashton Turner
2025,LSG,Krishnappa Gowtham
2025,LSG,Krunal Pandya
2025,LSG,Deepak Hooda
2025,LSG,Manimaran Siddharth
2025,LSG,Prerak Mankad
2025,LSG,Yash Thakur
2025,LSG,Kyle Mayers
2025,MI,Ishan Kishan
2025,MI,Piyush Chawla
2025,MI,Dewald Brevis
2025,MI,Anshul Kamboj
2025,MI,Shreyas Gopal
2025,MI,Mohammad Nabi
2025,MI,Nuwan Thushara
2025,MI,Nehal Wadhera
2025,MI,Arjun Tendulkar
2025,MI,Shivalik Sharma
2025,MI,Kumar Kartikeya
2025,MI,Shams Mulani
2025,MI,Akash Madhwal
2025,MI,Dilshan Madushanka
2025,MI,Gerald Coetzee
2025,MI,Vishnu Vinod
2025,MI,Tim David
2025,MI,Jason Behrendorff
2025,PBKS,Sam Curran
2025,PBKS,Vidwath Kaverappa
2025,PBKS,Harpreet Brar
2025,PBKS,Nathan Ellis
2025,PBKS,Jonny Bairstow
2025,PBKS,Prince Choudhary
2025,PBKS,Harshal Patel
2025,PBKS,Shivam Singh
2025,PBKS,Jitesh Sharma
2025,PBKS,Atharva Taide
2025,PBKS,Rahul Chahar
2025,PBKS,Liam Livingstone
2025,PBKS,Sikandar Raza
2025,PBKS,Rishi Dhawan
2025,PBKS,Kagiso Rabada
2025,PBKS,Ashutosh Sharma
2025,RCB,Akash Deep
2025,RCB,Alzarri Joseph
2025,RCB,Manoj Bhandage
2025,RCB,Anuj Rawat
2025,RCB,Will Jacks
2025,RCB,Rajan Kumar
2025,RCB,Reece Topley
2025,RCB,Tom Curran
2025,RCB,Mohammed Siraj
2025,RCB,Karn Sharma
2025,RCB,Vijaykumar Vyshak
2025,RCB,Faf du Plessis
2025,RCB,Glenn Maxwell
2025,RCB,Lockie Ferguson
2025,RCB,Mahipal Lomror
2025,RR,Donovan Ferreira
2025,RR,Nandre Burger
2025,RR,Adam Zampa
2025,RR,Shubham Dubey
2025,RR,Kuldeep Sen
2025,RR,Yuzvendra Chahal
2025,RR,Jos Buttler
2025,RR,Trent Boult
2025,RR,Navdeep Saini
2025,RR,Rovman Powell
2025,RR,Kunal Singh Rathore
2025,RR,Prasidh Krishna
2025,RR,Ravichandran Ashwin
2025,SRH,Washington Sundar
2025,SRH,Aiden Markram
2025,SRH,Upendra Yadav
2025,SRH,Marco Jansen
2025,SRH,Bhuvneshwar Kumar
2025,SRH,Anmolpreet Singh
2025,SRH,Fazalhaq Farooqi
2025,SRH,Mayank Markande
2025,SRH,Mayank Agarwal
2025,SRH,Wanindu Hasaranga
2025,SRH,T Natarajan
2025,SRH,Umran Malik
2025,SRH,Rahul Tripathi
2025,SRH,Glenn Phillips
2025,SRH,Jaydev Unadkat
2025,SRH,Jhatavedh Subramanyan
2025,SRH,Abdul Samad
2026,CSK,Kamlesh Nagarkoti
2026,CSK,Rachin Ravindra
2026,CSK,Vijay Shankar
2026,CSK,Devon Conway
2026,CSK,Vansh Bedi
2026,CSK,Deepak Hooda
2026,CSK,Rahul Tripathi
2026,CSK,Matheesha Pathirana
2026,DC,Jake Fraser-McGurk
2026,GT,Gerald Coetzee
2026,GT,Mahipal Lomror
2026,KKR,Rahmanullah Gurbaz
2026,KKR,Venkatesh Iyer
2026,KKR,Anrich Nortje
2026,KKR,Quinton de Kock
2026,KKR,Spencer Johnson
2026,LSG,Akash Deep
2026,LSG,David Miller
2026,LSG,Ravi Bishnoi
2026,LSG,Rajvardhan Hangargekar
2026,MI,Karn Sharma
2026,MI,Vignesh Puthur
2026,PBKS,Kuldeep Sen
2026,PBKS,Praveen Dubey
2026,PBKS,Josh Inglis
2026,RCB,Mohit Rathee
2026,RCB,Swastik Chikara
2026,RCB,Liam Livingstone
2026,RCB,Lungi Ngidi
2026,RR,Maheesh Theekshana
2026,RR,Kumar Kartikeya
2026,RR,Fazalhaq Farooqi
2026,RR,Akash Madhwal
2026,RR,Ashok Sharma
2026,RR,Wanindu Hasaranga
2026,SRH,Abhinav Manohar
2026,SRH,Simarjeet Singh
2026,SRH,Atharva Taide
2026,SRH,Rahul Chahar
