player,bf,v_bat,rate_bat,bb,v_bowl,rate_bowl,balls,VORP,rate,WAR_cum,wballs,WAR,target,t_years,is_mega
Martin Guptill,53.0,35.223514358576956,0.6645946105391879,0.0,0.0,0.0,53.0,35.223514358576956,0.6645946105391879,0.4269516891948722,53.0,2.416707674687956,2022,3,True
Prithvi Shaw,1501.0,806.4734468395462,0.5372907707125558,0.0,0.0,0.0,1501.0,806.4734468395462,0.5372907707125558,9.775435719267227,1501.0,1.9537846207729304,2022,3,True
Anukul Roy,0.0,0.0,0.0,12.0,5.978571840574476,0.498214320047873,12.0,5.978571840574476,0.498214320047873,0.0724675374615088,12.0,1.8116884365377202,2022,3,True
Chris Woakes,33.0,8.405950214731988,0.2547257640827875,201.0,106.2405973432777,0.5285601857874512,234.0,114.64654755800969,0.48994251093166535,1.3896551219152689,234.0,1.7816091306606012,2022,3,True
Mayank Agarwal,1718.0,772.7851967617412,0.4498167617937958,0.0,0.0,0.0,1718.0,772.7851967617412,0.4498167617937958,9.36709329408171,1718.0,1.635697315613803,2022,3,True
Nicholas Pooran,751.0,332.47758818407686,0.44271316668984934,0.0,0.0,0.0,751.0,332.47758818407686,0.44271316668984934,4.030031371928205,751.0,1.6098660606903612,2022,3,True
Jofra Archer,166.0,67.0012005221948,0.4036216898927397,932.0,400.8690930560301,0.4301170526352254,1098.0,467.8702935782249,0.4261113784865436,5.671155073675453,1098.0,1.5494959217692494,2022,3,True
Evin Lewis,331.0,137.72154361321046,0.4160771710368896,0.0,0.0,0.0,331.0,137.72154361321046,0.4160771710368896,1.6693520437964904,331.0,1.5130078946795986,2022,3,True
Ishan Kishan,1348.0,556.6070155325656,0.41291321627044925,0.0,0.0,0.0,1348.0,556.6070155325656,0.41291321627044925,6.746751703425037,1348.0,1.5015026046198154,2022,3,True
Jos Buttler,1157.0,459.7185813310032,0.39733671679429833,0.0,0.0,0.0,1157.0,459.7185813310032,0.39733671679429833,5.572346440375796,1157.0,1.444860788342903,2022,3,True
Suryakumar Yadav,1649.0,647.2181528473183,0.3924912994829098,0.0,0.0,0.0,1649.0,647.2181528473183,0.3924912994829098,7.845068519361433,1649.0,1.427241089028763,2022,3,True
Stuart Binny,40.0,14.838022632594306,0.37095056581485764,42.0,17.155228512104827,0.4084578217167816,82.0,31.993251144699133,0.3901615993255992,0.38779698357211073,82.0,1.418769452093088,2022,3,True
Shimron Hetmyer,755.0,287.25810947841376,0.380474317189952,0.0,0.0,0.0,755.0,287.25810947841376,0.380474317189952,3.4819164785262275,755.0,1.3835429715998253,2022,3,True
Venkatesh Iyer,864.0,346.2322072348052,0.4007317213365801,156.0,39.73056988100683,0.2546831402628643,1020.0,385.962777115812,0.37839487952530587,4.678336692312873,1020.0,1.3759813800920213,2022,3,True
Shikhar Dhawan,2651.0,1001.3302797202314,0.37771794783863877,0.0,0.0,0.0,2651.0,1001.3302797202314,0.37771794783863877,12.137336723881592,2651.0,1.3735198103223227,2022,3,True
Rahul Tripathi,1329.0,489.2139616497527,0.36810681839710513,0.0,0.0,0.0,1329.0,489.2139616497527,0.36810681839710513,5.929866201815185,1329.0,1.338570248716746,2022,3,True
AB de Villiers,1492.0,540.86049807921,0.36250703624611924,0.0,0.0,0.0,1492.0,540.86049807921,0.36250703624611924,6.555884825202545,1492.0,1.3182074045313428,2022,3,True
Jasprit Bumrah,58.0,1.4589572898951602,0.025154436032675174,2101.0,773.0914670245896,0.36796357307215116,2159.0,774.5504243144848,0.3587542493351018,9.388489991690724,2159.0,1.3045609066730974,2022,3,True
KL Rahul,2827.0,1009.38270650386,0.35705083357052,0.0,0.0,0.0,2827.0,1009.38270650386,0.35705083357052,12.234941897016485,2827.0,1.2983666675291636,2022,3,True
Shahbaz Ahmed,161.0,2.4757582025800104,0.015377380140248512,324.0,164.52903562489914,0.5078056655089479,485.0,167.00479382747915,0.3443397810875859,2.0243005312421714,485.0,1.2521446585003124,2022,3,True
Ruturaj Gaikwad,1736.0,591.7750834906419,0.3408842646835495,0.0,0.0,0.0,1736.0,591.7750834906419,0.3408842646835495,7.1730313150380836,1736.0,1.2395791443038162,2022,3,True
Siddhesh Lad,13.0,4.404994935318195,0.33884576425524576,0.0,0.0,0.0,13.0,4.404994935318195,0.33884576425524576,0.05339387800385691,13.0,1.232166415473621,2022,3,True
Jonny Bairstow,1352.0,457.67133603823135,0.33851430180342557,0.0,0.0,0.0,1352.0,457.67133603823135,0.33851430180342557,5.547531345917956,1352.0,1.230961097467002,2022,3,True
Imran Tahir,20.0,9.401546815768114,0.4700773407884057,590.0,195.59742335056873,0.3315210565263877,610.0,204.99897016633685,0.336063885518585,2.484836002016204,610.0,1.2220504927948546,2022,3,True
Yashasvi Jaiswal,592.0,197.5674790468246,0.33372884974125777,0.0,0.0,0.0,592.0,197.5674790468246,0.33372884974125777,2.394757321779692,592.0,1.2135594536045737,2022,3,True
Nathan Coulter-Nile,45.0,-5.973054659749545,-0.13273454799443435,675.0,243.5780343389632,0.36085634716883436,720.0,237.60497967921364,0.33000691622113004,2.880060359748044,720.0,1.2000251498950183,2022,3,True
Chris Lynn,395.0,129.21027024877387,0.327114608224744,0.0,0.0,0.0,395.0,129.21027024877387,0.327114608224744,1.5661850939245316,395.0,1.1895076662717963,2022,3,True
Sanju Samson,1764.0,561.2443867002376,0.31816575209764036,0.0,0.0,0.0,1764.0,561.2443867002376,0.31816575209764036,6.802962263033183,1764.0,1.1569663712641467,2022,3,True
Rohit Sharma,1732.0,554.8385143773987,0.32034556257355584,21.0,-15.543558372722533,-0.7401694463201206,1753.0,539.2949560046762,0.3076411614402032,6.536908557632439,1753.0,1.1186951325098298,2022,3,True
Faf du Plessis,2333.0,695.4486759265706,0.2980920171138322,0.0,0.0,0.0,2333.0,695.4486759265706,0.2980920171138322,8.429680920322067,2333.0,1.0839709713230261,2022,3,True
David Warner,1838.0,548.4324342768255,0.2983854375826036,2.0,-0.11863578904547639,-0.059317894522738196,1840.0,548.31379848778,0.2979966296129239,6.646227860457939,1840.0,1.0836241076833595,2022,3,True
Avesh Khan,12.0,3.8008612584892814,0.31673843820744013,1167.0,340.8142932081073,0.292043096150906,1179.0,344.6151544665966,0.29229444823290635,4.177153387473898,1179.0,1.062888902665114,2022,3,True
Quinton de Kock,1882.0,548.2172895829833,0.29129505291338115,0.0,0.0,0.0,1882.0,548.2172895829833,0.29129505291338115,6.645058055551313,1882.0,1.0592547378668407,2022,3,True
Chris Gayle,1201.0,344.42714408378504,0.2867836337083972,10.0,6.6673776088053955,0.6667377608805396,1211.0,351.09452169259043,0.2899211574670441,4.2556911720313995,1211.0,1.0542587544256148,2022,3,True
Virat Kohli,2113.0,589.0530619473241,0.2787757037138306,0.0,0.0,0.0,2113.0,589.0530619473241,0.2787757037138306,7.140037114513019,2113.0,1.0137298316866568,2022,3,True
Anrich Nortje,12.0,-4.037861628946533,-0.3364884690788778,1278.0,362.6344310124489,0.2837515109643575,1290.0,358.59656938350236,0.2779818367313972,4.346625083436392,1290.0,1.0108430426596262,2022,3,True
Moises Henriques,96.0,-22.27088055825664,-0.23198833914850667,180.0,97.80299197236289,0.543349955402016,276.0,75.53211141410625,0.2736670703409647,0.9155407444134092,276.0,0.9951529830580536,2022,3,True
Parthiv Patel,268.0,72.72460293509496,0.27136045871304093,0.0,0.0,0.0,268.0,72.72460293509496,0.27136045871304093,0.8815103386072117,268.0,0.9867653044110579,2022,3,True
Rashid Khan,290.0,-8.30026698956533,-0.028621610308845965,2136.0,665.5457548063623,0.3115850912014805,2426.0,657.245487816797,0.27091734864665995,7.966611973536933,2426.0,0.9851539950787634,2022,3,True
Moeen Ali,945.0,247.73586117206855,0.2621543504466334,669.0,182.29910629964283,0.2724949272042494,1614.0,430.0349674717114,0.26644050029226235,5.212545060263168,1614.0,0.9688745465173176,2022,3,True
Andre Russell,771.0,316.5627707928775,0.4105872513526297,743.0,85.44204782846556,0.11499602668703306,1514.0,402.004818621343,0.2655249792743349,4.872785680258703,1514.0,0.9655453791793995,2022,3,True
Dwayne Bravo,132.0,53.75515139078425,0.40723599538472915,1107.0,266.06001945581596,0.2403432876746305,1239.0,319.8151708466002,0.2581236245735272,3.876547525413336,1239.0,0.9386313620855536,2022,3,True
Harpreet Brar,186.0,-5.576304321389699,-0.029980130760159672,492.0,178.35166836760638,0.3625033909910699,678.0,172.77536404621668,0.2548309204221485,2.0942468369238387,678.0,0.9266578924441763,2022,3,True
Hardik Pandya,860.0,246.19090675249808,0.286268496223835,256.0,38.06184842406371,0.14867909540649887,1116.0,284.2527551765618,0.2547067698714711,3.445487941534082,1116.0,0.9262064358962586,2022,3,True
Anmolpreet Singh,42.0,10.640189263835842,0.25333783961513906,0.0,0.0,0.0,42.0,10.640189263835842,0.25333783961513906,0.12897199107679808,42.0,0.9212285076914147,2022,3,True
Aiden Markram,357.0,83.47998272972185,0.23383748663787635,72.0,23.64910864572747,0.3284598423017704,429.0,107.12909137544932,0.24971816171433409,1.2985344409145372,429.0,0.9080660425975785,2022,3,True
Shane Watson,806.0,199.06845369555302,0.2469831931706613,0.0,0.0,0.0,806.0,199.06845369555302,0.2469831931706613,2.412950953885491,806.0,0.8981207024387684,2022,3,True
Lockie Ferguson,91.0,24.626697575393905,0.2706230502790539,888.0,212.2909704984785,0.2390664082190073,979.0,236.9176680738724,0.24199966095390438,2.871729309986332,979.0,0.8799987671051068,2022,3,True
Rishabh Pant,1880.0,454.82336521354716,0.24192732192209956,0.0,0.0,0.0,1880.0,454.82336521354716,0.24192732192209956,5.513010487436936,1880.0,0.8797357160803619,2022,3,True
Mitchell Santner,23.0,5.951293838357477,0.2587519060155425,169.0,40.48643763731677,0.2395647197474365,192.0,46.43773147567425,0.2418631847691367,0.5628815936445364,192.0,0.879502490069588,2022,3,True
Glenn Maxwell,1280.0,418.65484984218847,0.32707410143920973,540.0,20.80141941252282,0.03852114706022744,1820.0,439.4562692547113,0.24145948860148972,5.326742657632864,1820.0,0.8780345040054172,2022,3,True
Nitish Rana,1685.0,434.82885153937286,0.2580586656020017,108.0,-5.488139769823791,-0.050816108979849915,1793.0,429.34071176954905,0.23945382697688178,5.204129839630897,1793.0,0.8707411890068428,2022,3,True
Colin Munro,70.0,16.678524193370745,0.23826463133386777,0.0,0.0,0.0,70.0,16.678524193370745,0.23826463133386777,0.20216392961661508,70.0,0.8664168412140646,2022,3,True
Narayan Jagadeesan,58.0,13.694499840723736,0.23611206621937478,0.0,0.0,0.0,58.0,13.694499840723736,0.23611206621937478,0.165993937463318,58.0,0.8585893317068174,2022,3,True
Kieron Pollard,953.0,319.9976463562543,0.33577927214717135,492.0,21.103862599918443,0.04289402967463098,1445.0,341.1015089561727,0.23605640758212645,4.134563744923306,1445.0,0.8583869366622779,2022,3,True
Wriddhiman Saha,779.0,183.66703910298148,0.23577283581897493,0.0,0.0,0.0,779.0,183.66703910298148,0.23577283581897493,2.2262671406421997,779.0,0.8573557666144543,2022,3,True
Devdutt Padikkal,1742.0,402.80782012344355,0.23123296218337747,0.0,0.0,0.0,1742.0,402.80782012344355,0.23123296218337747,4.8825190317993155,1742.0,0.8408471352122817,2022,3,True
Axar Patel,396.0,-27.53027920988957,-0.06952090709568073,1746.0,515.4140453925633,0.29519704776206374,2142.0,487.8837661826737,0.22777019896483366,5.913742620396045,2142.0,0.8282552689630315,2022,3,True
Ravindra Jadeja,826.0,189.73717232596982,0.22970601976509664,1648.0,363.16634647029844,0.22036792868343352,2474.0,552.9035187962683,0.2234856583655086,6.701860833894161,2474.0,0.8126751213291222,2022,3,True
Sunil Narine,397.0,94.11688669580931,0.23707024356627032,1736.0,381.7568062042345,0.21990599435727795,2133.0,475.8736929000438,0.22310065302393053,5.768165974545986,2133.0,0.8112751019052019,2022,3,True
Varun Chakravarthy,42.0,-11.8473311963992,-0.28207931419998095,1875.0,438.4349669437279,0.2338319823699882,1917.0,426.5876357473287,0.22252876147487152,5.1707592211797415,1917.0,0.8091954962722601,2022,3,True
Shivam Mavi,88.0,-11.839727579251058,-0.13454235885512567,900.0,230.96660728613466,0.2566295636512607,988.0,219.1268797068836,0.22178833978429516,2.6560833903864682,988.0,0.8065030537610732,2022,3,True
KM Asif,0.0,0.0,0.0,42.0,9.268820760066472,0.22068620857301124,42.0,9.268820760066472,0.22068620857301124,0.11234934254626026,42.0,0.802495303901859,2022,3,True
Jason Roy,363.0,79.93714974420854,0.22021253373060204,0.0,0.0,0.0,363.0,79.93714974420854,0.22021253373060204,0.968935148414649,363.0,0.800772849929462,2022,3,True
Manish Pandey,1637.0,358.03113357177114,0.21871174928025114,0.0,0.0,0.0,1637.0,358.03113357177114,0.21871174928025114,4.339771316021468,1637.0,0.7953154519281859,2022,3,True
Chetan Sakariya,75.0,-31.77436088211239,-0.42365814509483185,948.0,251.76961596413804,0.2655797636752511,1023.0,219.99525508202566,0.21504912520237113,2.666609152509402,1023.0,0.7819968189177132,2022,3,True
Srikar Bharat,468.0,96.56209436368157,0.20632926146085806,0.0,0.0,0.0,468.0,96.56209436368157,0.20632926146085806,1.1704496286506856,468.0,0.7502882234940292,2022,3,True
Harry Gurney,5.0,-3.234942572394905,-0.646988514478981,163.0,37.48803976794767,0.22998797403648877,168.0,34.25309719555276,0.20388748330686168,0.41518905691579105,168.0,0.7414090302067697,2022,3,True
Jayant Yadav,78.0,16.35435773490593,0.20967125301161446,433.0,86.05190990850586,0.1987342030219535,511.0,102.4062676434118,0.20040365487947515,1.2412880926474157,511.0,0.7287405631980914,2022,3,True
Ravi Bishnoi,36.0,-23.295919341172738,-0.6471088705881316,1260.0,276.258651798331,0.21925289825264366,1296.0,252.96273245715827,0.19518729356262213,3.0662149388746456,1296.0,0.7097719765913532,2022,3,True
Shubman Gill,2195.0,427.52111040704233,0.1947704375430717,0.0,0.0,0.0,2195.0,427.52111040704233,0.1947704375430717,5.182074065539907,2195.0,0.7082561365202606,2022,3,True
Arshdeep Singh,15.0,-8.168917071862415,-0.5445944714574943,1104.0,225.85743270438266,0.2045810078844046,1119.0,217.68851563252025,0.19453844113719415,2.6386486743335786,1119.0,0.7074125132261605,2022,3,True
Ishant Sharma,3.0,7.874122073607564,2.624707357869188,528.0,93.63673686957492,0.17734230467722523,531.0,101.51085894318248,0.1911692258816996,1.2304346538567574,531.0,0.6951608213879986,2022,3,True
Jason Holder,322.0,32.62502655937221,0.1013199582589199,909.0,199.04825257378317,0.21897497532869437,1231.0,231.67327913315538,0.18819925193595075,2.8081609591897623,1231.0,0.68436091613073,2022,3,True
Oshane Thomas,0.0,0.0,0.0,62.0,11.463324985005082,0.1848923384678239,62.0,11.463324985005082,0.1848923384678239,0.13894939375763735,62.0,0.6723357762466324,2022,3,True
Robin Uthappa,825.0,146.40012408314269,0.17745469585835477,0.0,0.0,0.0,825.0,146.40012408314269,0.17745469585835477,1.7745469585835476,825.0,0.64528980312129,2022,3,True
M Shahrukh Khan,342.0,58.85567909142624,0.17209262892229896,0.0,0.0,0.0,342.0,58.85567909142624,0.17209262892229896,0.7134021708051665,342.0,0.625791377899269,2022,3,True
Ambati Rayudu,1377.0,236.80041974917077,0.17196835130658733,0.0,0.0,0.0,1377.0,236.80041974917077,0.17196835130658733,2.870308118171767,1377.0,0.6253394592966812,2022,3,True
Steven Smith,1154.0,197.56048094647667,0.17119625731930388,0.0,0.0,0.0,1154.0,197.56048094647667,0.17119625731930388,2.394672496320929,1154.0,0.6225318447974687,2022,3,True
Harshal Patel,188.0,-48.85408630351431,-0.25986216118890587,1266.0,297.5964081080147,0.23506825284993263,1454.0,248.74232180450042,0.17107449917778572,3.0150584461151566,1454.0,0.6220890879192208,2022,3,True
Washington Sundar,334.0,-24.913546775683614,-0.07459145741222639,944.0,242.30307070696563,0.25667698168110764,1278.0,217.389523931282,0.17010134892901566,2.6350245325003883,1278.0,0.6185503597418751,2022,3,True
Mustafizur Rahman,42.0,-19.561553595922426,-0.4657512760933911,939.0,179.58760118450684,0.1912541013679519,981.0,160.02604758858442,0.16312543077327668,1.939709667740417,981.0,0.593183384630097,2022,3,True
Deepak Hooda,574.0,96.1070346646995,0.1674338583008702,312.0,47.26067316830982,0.1514765165650956,886.0,143.36770783300932,0.1618145686602814,1.7377903979758706,886.0,0.5884166133101142,2022,3,True
Mahipal Lomror,330.0,51.136924137587314,0.154960376174507,126.0,18.797042611194176,0.14918287786662043,456.0,69.93396674878149,0.15336396216838044,0.8476844454397756,456.0,0.557687135157747,2022,3,True
Shardul Thakur,64.0,-49.24262083315958,-0.7694159505181184,1655.0,307.8771641804491,0.18602849799422905,1719.0,258.63454334728954,0.15045639519912132,3.134964161785328,1719.0,0.5471141643604411,2022,3,True
Kulwant Khejroliya,0.0,0.0,0.0,30.0,4.3426001026704935,0.1447533367556831,30.0,4.3426001026704935,0.1447533367556831,0.05263757700206659,30.0,0.5263757700206658,2022,3,True
Umran Malik,0.0,0.0,0.0,216.0,31.256939912365812,0.14470805514984172,216.0,31.256939912365812,0.14470805514984172,0.3788719989377674,216.0,0.5262111096357881,2022,3,True
Kagiso Rabada,131.0,20.080517210845144,0.15328639092248203,2091.0,301.14761492205565,0.14402085840366124,2222.0,321.2281321329008,0.14456711617142248,3.893674328883646,2222.0,0.5256986042597181,2022,3,True
Mitchell McClenaghan,16.0,-11.924722409603916,-0.7452951506002448,109.0,29.965021975807097,0.2749084584936431,125.0,18.04029956620318,0.14432239652962545,0.21867029777215977,125.0,0.5248087146531834,2022,3,True
Kane Williamson,1309.0,225.36495941482826,0.17216574439635468,24.0,-33.38280071102808,-1.39095002962617,1333.0,191.98215870380017,0.14402262468402113,2.3270564691369717,1333.0,0.5237186352146224,2022,3,True
Mohammed Siraj,120.0,-36.04431192900164,-0.30036926607501363,1435.0,256.0579771802251,0.17843761475973877,1555.0,220.01366525122347,0.14148788762136558,2.666832306075436,1555.0,0.5145014095322384,2022,3,True
Bhuvneshwar Kumar,113.0,-44.417182872440705,-0.3930724148003602,1283.0,241.4757054190281,0.1882117735144412,1396.0,197.05852254658737,0.14115940010500527,2.388588152079847,1396.0,0.5133069094727465,2022,3,True
Dinesh Karthik,951.0,130.65301204221169,0.13738487070684718,0.0,0.0,0.0,951.0,130.65301204221169,0.13738487070684718,1.5836728732389296,951.0,0.4995813480248989,2022,3,True
Mohammed Shami,59.0,-20.424983319286383,-0.3461861579540065,1925.0,287.13294419180073,0.14915997100872766,1984.0,266.7079608725144,0.13442941576235604,3.2328237681516896,1984.0,0.4888342391358402,2022,3,True
Deepak Chahar,36.0,-25.168812623054347,-0.6991336839737319,1987.0,295.17816763216547,0.14855468929651006,2023.0,270.0093550091111,0.13346977509100896,3.2728406667771046,2023.0,0.485344636694578,2022,3,True
Shreyas Iyer,1741.0,231.12131515667335,0.13275204776374117,0.0,0.0,0.0,1741.0,231.12131515667335,0.13275204776374117,2.8014704867475557,1741.0,0.482734719140877,2022,3,True
Chris Morris,226.0,-23.400052729385038,-0.10354005632471255,1322.0,227.12315473508318,0.17180268890702208,1548.0,203.72310200569814,0.1316040710631125,2.4693709334024017,1548.0,0.47856025841131816,2022,3,True
Ravichandran Ashwin,222.0,-10.974659827579302,-0.049435404628735594,1749.0,267.5799798879043,0.1529902686608944,1971.0,256.60532006032497,0.1301904211366438,3.110367515882727,1971.0,0.4734197132241593,2022,3,True
Abdul Samad,391.0,117.29564538678471,0.2999888628818023,102.0,-53.40169511261562,-0.5235460305158394,493.0,63.89395027416909,0.12960233321332473,0.7744721245353829,493.0,0.47128121168481724,2022,3,True
Harbhajan Singh,15.0,0.030334505685487567,0.0020223003790325045,393.0,52.599881549612995,0.13384193778527478,408.0,52.63021605529848,0.1289956275865159,0.6379420127914968,408.0,0.46907500940551233,2022,3,True
Josh Philippe,154.0,19.48814132921857,0.12654637226765306,0.0,0.0,0.0,154.0,19.48814132921857,0.12654637226765306,0.23621989489961903,154.0,0.4601686264278293,2022,3,True
Yuzvendra Chahal,103.0,-85.3856373476888,-0.8289867703659107,1940.0,343.36950317782896,0.17699458926692213,2043.0,257.9838658301402,0.12627697789042594,3.1270771615774566,2043.0,0.4591890105106398,2022,3,True
Mohammad Nabi,152.0,56.43709705521863,0.37129669115275415,367.0,8.987971774964379,0.024490386307804847,519.0,65.42506883018301,0.1260598628712582,0.7930311373355516,519.0,0.4583995013500298,2022,3,True
Sam Curran,424.0,153.35221430433836,0.36167975071777914,1307.0,64.75591259615973,0.04954545722736016,1731.0,218.1081269004981,0.12600122871201508,2.643734871521189,1731.0,0.4581862862255094,2022,3,True
Ben Stokes,508.0,180.3256582032471,0.3549717681166281,304.0,-78.83699719012358,-0.25933222759909075,812.0,101.4886610131235,0.12498603573044767,1.2301655880378606,812.0,0.454494675383446,2022,3,True
Saurabh Tiwary,451.0,54.627743531886374,0.12112581714387223,0.0,0.0,0.0,451.0,54.627743531886374,0.12112581714387223,0.6621544670531682,451.0,0.4404575168868081,2022,3,True
Aaron Finch,482.0,57.91098831621498,0.12014727866434644,0.0,0.0,0.0,482.0,57.91098831621498,0.12014727866434644,0.7019513735298786,482.0,0.4368991951430779,2022,3,True
Rinku Singh,56.0,6.686294944117863,0.1193981240021047,0.0,0.0,0.0,56.0,6.686294944117863,0.1193981240021047,0.08104599932264077,56.0,0.43417499637128987,2022,3,True
Vijay Shankar,541.0,28.769159655098292,0.05317774427929444,412.0,84.68930469598152,0.20555656479607165,953.0,113.45846435107981,0.11905400246703023,1.375254113346422,953.0,0.4329236453346553,2022,3,True
Liam Livingstone,171.0,27.289897239302803,0.1595900423351041,6.0,-6.923026757591651,-1.1538377929319419,177.0,20.366870481711153,0.11506706486842459,0.24687115735407458,177.0,0.4184256904306349,2022,3,True
Khaleel Ahmed,11.0,-9.911504674195713,-0.9010458794723376,1006.0,125.23426105361807,0.12448733703142949,1017.0,115.32275637942236,0.11339504068773093,1.3978515924778467,1017.0,0.41234560250083974,2022,3,True
Sandeep Sharma,54.0,-7.087614985745979,-0.1312521293656663,1306.0,154.52199114212706,0.11831699168616161,1360.0,147.4343761563811,0.1084076295267508,1.7870833473500738,1360.0,0.3942095619154575,2022,3,True
Colin Ingram,154.0,16.277043609517456,0.10569508837348997,0.0,0.0,0.0,154.0,16.277043609517456,0.10569508837348997,0.1972974982971813,154.0,0.38434577590359986,2022,3,True
Marcus Stoinis,846.0,238.42791105428506,0.28182968209726367,660.0,-79.63347483044265,-0.12065678004612523,1506.0,158.7944362238424,0.10544119271171475,1.9247810451374838,1506.0,0.38342251895169,2022,3,True
Ajinkya Rahane,524.0,54.497414827453696,0.10400270005239255,0.0,0.0,0.0,524.0,54.497414827453696,0.10400270005239255,0.6605747251812569,524.0,0.3781916365541548,2022,3,True
Rajat Patidar,186.0,19.25320065658855,0.10351183148703522,0.0,0.0,0.0,186.0,19.25320065658855,0.10351183148703522,0.2333721291707703,186.0,0.3764066599528553,2022,3,True
Yuvraj Singh,75.0,7.512995144382234,0.10017326859176312,0.0,0.0,0.0,75.0,7.512995144382234,0.10017326859176312,0.09106660781069374,75.0,0.36426643124277497,2022,3,True
Trent Boult,18.0,-10.358527219300985,-0.5754737344056102,1729.0,182.85640704019693,0.10575847717767319,1747.0,172.49787982089595,0.09873948472861817,2.0908833917684357,1747.0,0.3590526717404297,2022,3,True
T Natarajan,10.0,-3.6408785460308564,-0.3640878546030856,900.0,86.94295260202664,0.09660328066891849,910.0,83.30207405599577,0.09154074072087448,1.0097221097696458,910.0,0.33287542080317994,2022,3,True
Suresh Raina,698.0,60.69769949456419,0.08695945486327247,6.0,3.1500974261867,0.5250162376977833,704.0,63.84779692075089,0.09069289335333933,0.7739126899484956,704.0,0.32979233946668846,2022,3,True
Rahul Chahar,64.0,-18.474164560419766,-0.28865882125655884,1692.0,172.76311653285617,0.10210586083502138,1756.0,154.2889519724364,0.08786386786585217,1.8701691148174109,1756.0,0.3195049740576442,2022,3,True
Eoin Morgan,1021.0,86.89283754384425,0.08510561953363785,0.0,0.0,0.0,1021.0,86.89283754384425,0.08510561953363785,1.0532465156829607,1021.0,0.30947498012231944,2022,3,True
Rahul Tewatia,829.0,122.72518129060892,0.14804002568227856,1260.0,50.6969283316364,0.04023565740606064,2089.0,173.42210962224533,0.08301680690389915,2.1020861772393373,2089.0,0.30187929783236056,2022,3,True
Dawid Malan,78.0,6.291214315403902,0.08065659378722952,0.0,0.0,0.0,78.0,6.291214315403902,0.08065659378722952,0.076257143217017,78.0,0.29329670468083463,2022,3,True
Prasidh Krishna,13.0,-6.737627042940828,-0.5182790033031406,1177.0,100.34489487478797,0.08525479598537636,1190.0,93.60726783184714,0.07866156960659423,1.134633549476935,1190.0,0.2860420712967063,2022,3,True
Pat Cummins,396.0,42.971423706953324,0.10851369622968011,1107.0,71.4591367512192,0.06455206571925855,1503.0,114.43056045817252,0.0761347707639205,1.3870370964626972,1503.0,0.2768537118688018,2022,3,True
Jason Behrendorff,0.0,0.0,0.0,114.0,8.576521369445212,0.07523264359162467,114.0,8.576521369445212,0.07523264359162467,0.10395783478115408,114.0,0.2735732494240897,2022,3,True
Krunal Pandya,703.0,-7.476353744810268,-0.010634927090768518,1481.0,171.35237193177912,0.11570045370140386,2184.0,163.87601818696885,0.07503480686216522,1.9863759780238648,2184.0,0.27285384313514627,2022,3,True
Amit Mishra,24.0,-7.485346852052962,-0.3118894521688734,614.0,54.56215107359912,0.08886343823061746,638.0,47.076804221546155,0.07378809439113818,0.5706279299581352,638.0,0.26832034324050247,2022,3,True
Keemo Paul,24.0,-14.057710445596278,-0.5857379352331783,168.0,27.930387804747927,0.1662523083615948,192.0,13.872677359151648,0.07225352791224816,0.16815366495941392,192.0,0.2627401014990843,2022,3,True
Tom Curran,175.0,40.210107931406796,0.22977204532232454,424.0,2.7172345459308644,0.0064085720422897745,599.0,42.92734247733766,0.07166501248303449,0.5203314239677292,599.0,0.2606000453928527,2022,3,True
Mandeep Singh,380.0,35.4023104872596,0.09316397496647262,12.0,-8.356959834174404,-0.6964133195145337,392.0,27.045350653085194,0.06899324146195203,0.3278224321586084,392.0,0.2508845144070983,2022,3,True
Shivam Dube,822.0,81.73374857147789,0.0994327841502164,208.0,-28.868216286219834,-0.1387895013760569,1030.0,52.865532285258055,0.05132575950025054,0.6407943307304007,1030.0,0.18663912545545652,2022,3,True
Nathan Ellis,48.0,-3.9507147675121743,-0.08230655765650363,198.0,15.934702504953373,0.08047829547956249,246.0,11.983987737441199,0.04871539730667154,0.1452604574235297,246.0,0.17714689929698743,2022,3,True
Mohit Sharma,2.0,-2.0571718475548533,-1.0285859237774266,68.0,5.444911896456736,0.08007223377142259,70.0,3.3877400489018825,0.048396286412884036,0.04106351574426524,70.0,0.17598649604685104,2022,3,True
MS Dhoni,974.0,46.98920176699201,0.04824353364167558,0.0,0.0,0.0,974.0,46.98920176699201,0.04824353364167558,0.5695660820241456,974.0,0.17543103142427485,2022,3,True
Sandeep Warrier,0.0,0.0,0.0,145.0,6.155305629789716,0.042450383653722175,145.0,6.155305629789716,0.042450383653722175,0.07460976520957231,145.0,0.15436503146808064,2022,3,True
Hardus Viljoen,7.0,-5.510389792860562,-0.7871985418372232,138.0,11.427829714042506,0.08281036024668482,145.0,5.917439921181944,0.04080993049090996,0.07172654449917508,145.0,0.14839974723967259,2022,3,True
Adam Zampa,0.0,0.0,0.0,132.0,5.355254667810307,0.04057011111977505,132.0,5.355254667810307,0.04057011111977505,0.06491217779164009,132.0,0.147527676799182,2022,3,True
David Miller,503.0,19.8907203203881,0.03954417558725268,0.0,0.0,0.0,503.0,19.8907203203881,0.03954417558725268,0.24109964024712846,503.0,0.14379700213546429,2022,3,True
Ripal Patel,81.0,-11.41284799246263,-0.1408993579316374,54.0,16.126690423282383,0.29864241524597007,135.0,4.713842430819753,0.03491735133940558,0.0571374840099364,135.0,0.12697218668874755,2022,3,True
Abhishek Sharma,346.0,22.720639556825773,0.06566658831452536,313.0,-1.416826315236726,-0.004526601646123726,659.0,21.303813241589047,0.032327485950817976,0.25822803929198845,659.0,0.11755449436661082,2022,3,True
Chris Jordan,125.0,-10.330093047419137,-0.08264074437935309,596.0,32.83475309871321,0.05509186761529062,721.0,22.50466005129407,0.03121312073688498,0.2727837581975039,721.0,0.11350225722503629,2022,3,True
Josh Hazlewood,0.0,0.0,0.0,750.0,17.383557906555737,0.02317807720874098,750.0,17.383557906555737,0.02317807720874098,0.2107097928067362,750.0,0.08428391712269448,2022,3,True
Jaydev Unadkat,116.0,-0.6893420582883536,-0.005942603950761669,896.0,21.787360650447056,0.024316250725945374,1012.0,21.098018592158702,0.020847844458654844,0.25573355869283276,1012.0,0.07581034348601762,2022,3,True
Sheldon Cottrell,4.0,-3.732519812279542,-0.9331299530698856,240.0,7.582949355976744,0.03159562231656977,244.0,3.850429543697202,0.015780448949578696,0.04667187325693578,244.0,0.05738345072574071,2022,3,True
Lungi Ngidi,0.0,0.0,0.0,412.0,5.711515348483914,0.013862901331271636,412.0,5.711515348483914,0.013862901331271636,0.06923048907253229,412.0,0.05041055029553322,2022,3,True
Alex Carey,58.0,0.7805378063903348,0.013457548386040255,0.0,0.0,0.0,58.0,0.7805378063903348,0.013457548386040255,0.009461064319882846,58.0,0.04893653958560092,2022,3,True
Kuldeep Yadav,50.0,-17.848687383487626,-0.35697374766975254,344.0,22.4117418656105,0.06515041240003053,394.0,4.563054482122876,0.01158135655361136,0.0553097512984591,394.0,0.04211402383131404,2022,3,True
Navdeep Saini,70.0,-14.645515814802717,-0.20922165449718166,920.0,25.950727736146007,0.028207312756680442,990.0,11.30521192134329,0.011419405981154838,0.13703287177385806,990.0,0.04152511265874487,2022,3,True
Siddarth Kaul,25.0,-4.38312644477608,-0.17532505779104318,757.0,8.327242623908361,0.011000320507144466,782.0,3.9441161791322816,0.005043626827534887,0.04780746883796705,782.0,0.018340461191035953,2022,3,True
Murugan Ashwin,85.0,-49.03587188397884,-0.576892610399751,784.0,51.444382809337895,0.06561783521599221,869.0,2.408510925359053,0.0027715890970760105,0.029194071822533977,869.0,0.010078505807549128,2022,3,True
Carlos Brathwaite,10.0,-3.3202026147401384,-0.33202026147401387,18.0,3.3279430028530586,0.18488572238072548,28.0,0.007740388112920105,0.0002764424326042895,9.38228862172134e-05,28.0,0.0010052452094701436,2022,3,True
Shakib Al Hasan,154.0,-21.537137749609606,-0.1398515438286338,533.0,21.120840678689646,0.039626342736753556,687.0,-0.4162970709199598,-0.0006059637131294903,-0.005046025102060119,687.0,-0.0022035044113799646,2022,3,True
Kyle Jamieson,165.0,-1.5952720806455503,-0.009668315640276062,513.0,1.068903995205531,0.002083633518919164,678.0,-0.5263680854400192,-0.0007763541083186125,-0.0063802192174547785,678.0,-0.002823105848431318,2022,3,True
Sherfane Rutherford,54.0,-0.7926169075373082,-0.014678090880320523,41.0,-0.3282710425262838,-0.008006610793323996,95.0,-1.120887950063592,-0.01179882052698518,-0.013586520606831418,95.0,-0.04290480191630974,2022,3,True
Priyam Garg,444.0,-7.737607324251144,-0.017427043523088163,0.0,0.0,0.0,444.0,-7.737607324251144,-0.017427043523088163,-0.09378917968789265,444.0,-0.06337106735668423,2022,3,True
Dhawal Kulkarni,7.0,3.6715341263117205,0.5245048751873886,319.0,-12.664687856490922,-0.03970121585106872,326.0,-8.993153730179202,-0.027586361135519023,-0.10900792400217214,326.0,-0.10031404049279645,2022,3,True
Lalit Yadav,219.0,-35.48454359753021,-0.16202987944077724,252.0,22.45346114879971,0.08910103630476075,471.0,-13.031082448730501,-0.027666841717049896,-0.15795251453006667,471.0,-0.10060669715290871,2022,3,True
George Garton,12.0,-8.62528696960446,-0.718773914133705,276.0,-0.20003123335677486,-0.0007247508454955611,288.0,-8.825318202961235,-0.030643465982504288,-0.1069735539752877,288.0,-0.11143078539092467,2022,3,True
James Neesham,42.0,-9.383308919915667,-0.22341211714084921,342.0,-2.496113575436823,-0.007298577705955623,384.0,-11.87942249535249,-0.03093599608164711,-0.14399299994366654,384.0,-0.11249453120598948,2022,3,True
Alzarri Joseph,13.0,-0.3963457225254361,-0.030488132501956623,52.0,-1.833101258756935,-0.035251947283787215,65.0,-2.229446981282371,-0.034299184327421094,-0.02702359977311965,65.0,-0.12472430664516762,2022,3,True
Pawan Negi,12.0,-5.7889597256357685,-0.48241331046964736,67.0,2.8664839506733006,0.0427833425473627,79.0,-2.922475774962468,-0.03699336424003124,-0.03542394878742385,79.0,-0.13452132450920448,2022,3,True
James Pattinson,26.0,2.155359742519032,0.08289845163534738,426.0,-19.49751795616372,-0.04576882149334206,452.0,-17.342158213644687,-0.0383676066673555,-0.21020797834720834,452.0,-0.13951856969947454,2022,3,True
Lasith Malinga,0.0,0.0,0.0,271.0,-12.660051875911883,-0.04671605858270068,271.0,-12.660051875911883,-0.04671605858270068,-0.15345517425347738,271.0,-0.16987657666436612,2022,3,True
Daniel Sams,22.0,-6.357676902864234,-0.28898531376655606,254.0,-9.054766658846589,-0.03564868763325429,276.0,-15.412443561710823,-0.055842186817792835,-0.18681749771770695,276.0,-0.20306249751924668,2022,3,True
Kartik Tyagi,24.0,-15.50375113653891,-0.6459896306891212,715.0,-27.51191176013178,-0.03847819826591858,739.0,-43.01566289667069,-0.058207933554358174,-0.5214019745050993,739.0,-0.21166521292493884,2022,3,True
Karn Sharma,0.0,0.0,0.0,245.0,-17.784123831554147,-0.0725882605369557,245.0,-17.784123831554147,-0.0725882605369557,-0.21556513735217148,245.0,-0.2639573110434753,2022,3,True
Riley Meredith,0.0,0.0,0.0,309.0,-24.026563348569468,-0.07775586844197238,309.0,-24.026563348569468,-0.07775586844197238,-0.2912310708917511,309.0,-0.2827486125162632,2022,3,True
Tim Southee,24.0,-15.350184696004693,-0.6395910290001955,270.0,-8.993740022644651,-0.03331014823201723,294.0,-24.343924718649344,-0.08280246502941954,-0.2950778753775678,294.0,-0.3010998728342529,2022,3,True
Shreyas Gopal,139.0,-4.516190014576377,-0.03249057564443437,1015.0,-94.69535840226763,-0.09329591960814544,1154.0,-99.21154841684401,-0.08597187904405894,-1.2025642232344729,1154.0,-0.31262501470566884,2022,3,True
Gurkeerat Singh Mann,230.0,-19.898907676427875,-0.0865169898975125,0.0,0.0,0.0,230.0,-19.898907676427875,-0.0865169898975125,-0.2411988809263985,230.0,-0.3146072359909545,2022,3,True
Krishnappa Gowtham,73.0,9.709806492955444,0.1330110478487047,216.0,-37.5930973214853,-0.17404211722909863,289.0,-27.88329082852986,-0.09648197518522443,-0.3379792827700589,289.0,-0.3508435461280888,2022,3,True
Piyush Chawla,43.0,-16.25954001839925,-0.37812883763719185,593.0,-46.699327628981194,-0.0787509740792263,636.0,-62.958867647380444,-0.0989919302631768,-0.7631377896652175,636.0,-0.3599706555024611,2022,3,True
Akshdeep Nath,57.0,-6.545994171172554,-0.11484200300302726,0.0,0.0,0.0,57.0,-6.545994171172554,-0.11484200300302726,-0.07934538389300065,57.0,-0.4176072836473719,2022,3,True
Umesh Yadav,29.0,-5.281991444160013,-0.1821376360055177,314.0,-34.186851225760364,-0.108875322375033,343.0,-39.46884266992038,-0.11506951215720226,-0.47841021418085306,343.0,-0.41843458966255365,2022,3,True
Jalaj Saxena,0.0,0.0,0.0,54.0,-6.342130730796536,-0.11744686538512104,54.0,-6.342130730796536,-0.11744686538512104,-0.07687431188844286,54.0,-0.42707951049134923,2022,3,True
Chris Green,0.0,0.0,0.0,34.0,-4.066979280597132,-0.11961703766462153,34.0,-4.066979280597132,-0.11961703766462153,-0.04929671855269251,34.0,-0.4349710460531692,2022,3,True
Jagadeesha Suchith,33.0,6.868049649625857,0.208122716655329,150.0,-30.987493980114113,-0.20658329320076074,183.0,-24.119444330488257,-0.13180024224310524,-0.29235690097561523,183.0,-0.47927360815674636,2022,3,True
Dale Steyn,4.0,-1.8029570292260373,-0.4507392573065093,188.0,-23.691380102942503,-0.12601797927097075,192.0,-25.49433713216854,-0.13278300589671113,-0.30902226826870954,192.0,-0.4828472941698587,2022,3,True
Heinrich Klaasen,10.0,-1.350781039819203,-0.1350781039819203,0.0,0.0,0.0,10.0,-1.350781039819203,-0.1350781039819203,-0.016373103512960036,10.0,-0.4911931053888011,2022,3,True
Isuru Udana,22.0,-0.12983001260461524,-0.005901364209300693,348.0,-49.9713576047947,-0.14359585518619167,370.0,-50.10118761739931,-0.1354086151821603,-0.6072871226351432,370.0,-0.49239496429876467,2022,3,True
Monu Kumar,0.0,0.0,0.0,26.0,-3.6364400414301414,-0.1398630785165439,26.0,-3.6364400414301414,-0.1398630785165439,-0.04407806110824414,26.0,-0.5085930127874324,2022,3,True
Sarfaraz Khan,213.0,-28.93315823295557,-0.1358364236288994,2.0,-1.7256138548632567,-0.8628069274316283,215.0,-30.658772087818825,-0.14259893994334338,-0.3716214798523494,215.0,-0.518541599793976,2022,3,True
Scott Kuggeleijn,0.0,0.0,0.0,48.0,-6.925653550654636,-0.1442844489719716,48.0,-6.925653550654636,-0.1442844489719716,-0.08394731576551075,48.0,-0.5246707235344422,2022,3,True
Sandeep Lamichhane,1.0,-1.0657750409256772,-1.0657750409256772,138.0,-19.387752387904893,-0.14049095933264416,139.0,-20.45352742883057,-0.1471476793441048,-0.24792154459188567,139.0,-0.5350824703421992,2022,3,True
Riyan Parag,529.0,-16.285312067058328,-0.030785088973645233,219.0,-94.33368675146187,-0.43074742808886696,748.0,-110.6189988185202,-0.1478863620568452,-1.3408363493153963,748.0,-0.5377685892976188,2022,3,True
Murali Vijay,147.0,-22.07458268309893,-0.15016722913672742,0.0,0.0,0.0,147.0,-22.07458268309893,-0.15016722913672742,-0.26757069918907794,147.0,-0.5460626514062815,2022,3,True
Shahbaz Nadeem,19.0,-4.190483385474918,-0.22055175713025885,396.0,-60.81901461522886,-0.1535833702404769,415.0,-65.00949800070377,-0.15664939277278017,-0.7879939151600457,415.0,-0.5696341555373824,2022,3,True
Colin de Grandhomme,49.0,-4.316586960497052,-0.08809361143871534,30.0,-8.328040464328616,-0.2776013488109539,79.0,-12.644627424825668,-0.16005857499779327,-0.15326821121000808,79.0,-0.5820311818101573,2022,3,True
Marco Jansen,9.0,-27.685740824558337,-3.0761934249509264,111.0,8.396441595721546,0.07564361797947339,120.0,-19.28929922883679,-0.16074416024030658,-0.23380968762226412,120.0,-0.5845242190556603,2022,3,True
Adam Milne,51.0,-19.477910185531574,-0.3819198075594426,255.0,-30.182988425729725,-0.11836466049305774,306.0,-49.6608986112613,-0.16229051833745523,-0.6019502861971067,306.0,-0.590147339408928,2022,3,True
Kedar Jadhav,457.0,-76.86282285904319,-0.16818998437427393,0.0,0.0,0.0,457.0,-76.86282285904319,-0.16818998437427393,-0.9316705801096145,457.0,-0.611599943179178,2022,3,True
Mujeeb Ur Rahman,13.0,-10.486208936238327,-0.8066314566337175,282.0,-47.686715949605116,-0.1691018296085288,295.0,-58.17292488584344,-0.19719635554523202,-0.7051263622526478,295.0,-0.7170776565281164,2022,3,True
Glenn Phillips,99.0,-15.227866221036638,-0.1538168305155216,36.0,-11.822004732771898,-0.32838902035477496,135.0,-27.049870953808536,-0.20036941447265583,-0.3278772236825277,135.0,-0.7286160526278394,2022,3,True
Mayank Markande,5.0,0.7793789643891011,0.15587579287782022,90.0,-21.25592031308078,-0.2361768923675642,95.0,-20.47654134869168,-0.21554254051254398,-0.24820050119626277,95.0,-0.7837910564092508,2022,3,True
Kamlesh Nagarkoti,68.0,-35.067204870832725,-0.5156941892769519,348.0,-55.392007630274385,-0.15917243571917927,416.0,-90.45921250110712,-0.21745003005073826,-1.0964753030437226,416.0,-0.7907273820026846,2022,3,True
Dan Christian,72.0,-48.39949197354043,-0.6722151662991727,300.0,-32.526747852019305,-0.10842249284006435,372.0,-80.92623982555973,-0.21754365544505305,-0.9809241190976937,372.0,-0.7910678379820111,2022,3,True
Jhye Richardson,72.0,-24.29480120856637,-0.3374277945634218,198.0,-35.119595213377366,-0.17737169299685537,270.0,-59.414396421943735,-0.2200533200812731,-0.7201745020841664,270.0,-0.8001938912046295,2022,3,True
Kane Richardson,0.0,0.0,0.0,54.0,-12.069173255992453,-0.22350320844430469,54.0,-12.069173255992453,-0.22350320844430469,-0.14629300916354487,54.0,-0.8127389397974717,2022,3,True
Ish Sodhi,11.0,-5.374292798670796,-0.488572072606436,43.0,-6.760317109117306,-0.1572166769562164,54.0,-12.134609907788102,-0.22471499829237226,-0.14708618070046184,54.0,-0.8171454483358992,2022,3,True
Basil Thampi,1.0,0.3968445384039667,0.3968445384039667,121.0,-28.42987995045504,-0.23495768554095073,122.0,-28.03303541205107,-0.22977897878730386,-0.33979436863092205,122.0,-0.835559922862923,2022,3,True
Rasikh Salam,4.0,-0.24911834853758885,-0.06227958713439721,26.0,-6.862150326344368,-0.2639288587055526,30.0,-7.111268674881957,-0.2370422891627319,-0.08619719605917524,30.0,-0.8619719605917524,2022,3,True
Ishan Porel,0.0,0.0,0.0,72.0,-17.108720864529275,-0.23762112311846215,72.0,-17.108720864529275,-0.23762112311846215,-0.20737843472156697,72.0,-0.8640768113398624,2022,3,True
Akash Singh,0.0,0.0,0.0,72.0,-18.071108206325853,-0.25098761397674796,72.0,-18.071108206325853,-0.25098761397674796,-0.21904373583425277,72.0,-0.9126822326427199,2022,3,True
Tabraiz Shamsi,12.0,-6.852130838397059,-0.5710109031997549,72.0,-14.450241365204755,-0.20069779673895494,84.0,-21.302372203601813,-0.25359966909049775,-0.2582105721648705,84.0,-0.9221806148745373,2022,3,True
Kuldip Yadav,12.0,-10.11165892148366,-0.8426382434569716,36.0,-2.508812743225243,-0.06968924286736786,48.0,-12.620471664708901,-0.2629264930147688,-0.15297541411768364,48.0,-0.956096338235523,2022,3,True
Fabian Allen,36.0,-13.678546514060073,-0.3799596253905576,198.0,-49.621600386387314,-0.2506141433655925,234.0,-63.30014690044739,-0.27051344829251023,-0.7672745078842108,234.0,-0.983685266518219,2022,3,True
Virat Singh,78.0,-21.28210673745243,-0.2728475222750312,0.0,0.0,0.0,78.0,-21.28210673745243,-0.2728475222750312,-0.2579649301509386,78.0,-0.9921728082728407,2022,3,True
Andrew Tye,14.0,-21.723842747358038,-1.551703053382717,182.0,-32.207608593092075,-0.1769648823796268,196.0,-53.93145134045011,-0.27516046602270466,-0.6537145617024256,196.0,-1.0005835128098353,2022,3,True
Praveen Dubey,26.0,-9.942570025326756,-0.38240653943564445,96.0,-24.061440495547743,-0.25064000516195567,122.0,-34.0040105208745,-0.2787213977120861,-0.41216982449544853,122.0,-1.0135323553166766,2022,3,True
Ankit Rajpoot,20.0,-4.595498162409158,-0.22977490812045792,309.0,-96.65403314683842,-0.3127962237761761,329.0,-101.24953130924757,-0.3077493352864668,-1.2272670461726978,329.0,-1.1190884919507884,2022,3,True
Tushar Deshpande,24.0,26.06139127301925,1.0858913030424688,206.0,-101.14473190413767,-0.49099384419484304,230.0,-75.08334063111842,-0.3264493070918192,-0.9101010985590111,230.0,-1.1870883894247972,2022,3,True
Mitchell Marsh,2.0,-2.4931063146585846,-1.2465531573292923,8.0,-0.9947055175783457,-0.12433818969729321,10.0,-3.4878118322369303,-0.348781183223693,-0.04227650705741734,10.0,-1.26829521172252,2022,3,True
Hanuma Vihari,8.0,-4.866992422256535,-0.6083740527820669,6.0,-0.07668956603037802,-0.012781594338396337,14.0,-4.943681988286913,-0.3531201420204938,-0.05992341803984137,14.0,-1.2840732437108864,2022,3,True
Tom Banton,40.0,-14.483108378963381,-0.3620777094740845,0.0,0.0,0.0,40.0,-14.483108378963381,-0.3620777094740845,-0.17555282883591977,40.0,-1.3166462162693984,2022,3,True
Yusuf Pathan,45.0,-19.255611749526288,-0.4279024833228064,6.0,-0.9680849623043614,-0.16134749371739357,51.0,-20.223696711830648,-0.3965430727809931,-0.24513571771915937,51.0,-1.4419748101127021,2022,3,True
Manan Vohra,117.0,-46.85602621991849,-0.4004788565804999,0.0,0.0,0.0,117.0,-46.85602621991849,-0.4004788565804999,-0.567951832968709,117.0,-1.4562867512018178,2022,3,True
Lukman Meriwala,0.0,0.0,0.0,57.0,-23.818834161076467,-0.4178742835276573,57.0,-23.818834161076467,-0.4178742835276573,-0.28871314134638143,57.0,-1.519542849191481,2022,3,True
Varun Aaron,27.0,-20.7431375112459,-0.7682643522683668,172.0,-64.4943642388687,-0.37496723394691106,199.0,-85.2375017501146,-0.428329154523189,-1.0331818393953285,199.0,-1.5575605619025055,2022,3,True
Prithvi Raj,1.0,-0.9337533300038208,-0.9337533300038208,30.0,-13.111197432354132,-0.4370399144118044,31.0,-14.044950762357953,-0.45306292781799845,-0.17024182742252064,31.0,-1.6475015557018127,2022,3,True
Ricky Bhui,12.0,-5.771405027701945,-0.4809504189751621,0.0,0.0,0.0,12.0,-5.771405027701945,-0.4809504189751621,-0.0699564245782054,12.0,-1.748910614455135,2022,3,True
Prabhsimran Singh,116.0,-56.17400517909521,-0.48425866533702766,0.0,0.0,0.0,116.0,-56.17400517909521,-0.48425866533702766,-0.6808970324738813,116.0,-1.7609406012255553,2022,3,True
Sachin Baby,51.0,-30.75221496507944,-0.6029846071584204,0.0,0.0,0.0,51.0,-30.75221496507944,-0.6029846071584204,-0.3727541207888417,51.0,-2.192671298757892,2022,3,True
Wanindu Hasaranga de Silva,6.0,-35.769121424322506,-5.961520237387084,108.0,-33.184891271728034,-0.30726751177525957,114.0,-68.95401269605054,-0.6048597604916714,-0.8358062144975823,114.0,-2.1994900381515325,2022,3,True
Ben Cutting,17.0,-7.549311224517718,-0.44407713085398337,12.0,-10.31264514361528,-0.8593870953012733,29.0,-17.861956368132997,-0.6159295299356206,-0.21650856203797572,29.0,-2.2397437452204385,2022,3,True
Dhruv Shorey,8.0,-5.363913980294528,-0.670489247536816,0.0,0.0,0.0,8.0,-5.363913980294528,-0.670489247536816,-0.0650171391550852,8.0,-2.4381427183156945,2022,3,True
Prayas Ray Barman,24.0,-9.68706162679888,-0.4036275677832866,24.0,-23.968370328777286,-0.998682097032387,48.0,-33.65543195557616,-0.7011548324078367,-0.40794462976455953,48.0,-2.549653936028497,2022,3,True
Adil Rashid,0.0,0.0,0.0,54.0,-40.37620857886741,-0.7477075662753224,54.0,-40.37620857886741,-0.7477075662753224,-0.4894085888347565,54.0,-2.718936604637536,2022,3,True
Tim David,9.0,-7.07678613570521,-0.7863095706339123,0.0,0.0,0.0,9.0,-7.07678613570521,-0.7863095706339123,-0.08577922588733587,9.0,-2.8593075295778627,2022,3,True
Barinder Sran,3.0,-1.295539912076423,-0.4318466373588077,24.0,-22.500469313463128,-0.9375195547276304,27.0,-23.79600922553955,-0.8813336750199833,-0.2884364754610855,27.0,-3.204849727345394,2022,3,True
KC Cariappa,3.0,4.1287750449780445,1.376258348326015,12.0,-17.657471573363203,-1.4714559644469336,15.0,-13.528696528385158,-0.9019131018923439,-0.16398420034406253,15.0,-3.2796840068812503,2022,3,True
Tim Seifert,12.0,-11.439503341421387,-0.953291945118449,0.0,0.0,0.0,12.0,-11.439503341421387,-0.953291945118449,-0.13866064656268348,12.0,-3.466516164067087,2022,3,True
Nikhil Naik,22.0,-21.092017050887737,-0.9587280477676244,0.0,0.0,0.0,22.0,-21.092017050887737,-0.9587280477676244,-0.25566081273803315,22.0,-3.486283810064089,2022,3,True
Sudhesan Midhun,0.0,0.0,0.0,12.0,-11.51668067702535,-0.9597233897521126,12.0,-11.51668067702535,-0.9597233897521126,-0.1395961294184891,12.0,-3.489903235462228,2022,3,True
Ashton Turner,10.0,-10.939945426715305,-1.0939945426715305,0.0,0.0,0.0,10.0,-10.939945426715305,-1.0939945426715305,-0.13260539911170066,10.0,-3.97816197335102,2022,3,True
Karun Nair,34.0,-37.64552179941232,-1.10722122939448,0.0,0.0,0.0,34.0,-37.64552179941232,-1.10722122939448,-0.4563093551443918,34.0,-4.026259015979928,2022,3,True
Anuj Rawat,3.0,-3.5681542287165984,-1.1893847429055329,0.0,0.0,0.0,3.0,-3.5681542287165984,-1.1893847429055329,-0.04325035428747392,3.0,-4.325035428747392,2022,3,True
Joe Denly,1.0,-1.19689317551103,-1.19689317551103,0.0,0.0,0.0,1.0,-1.19689317551103,-1.19689317551103,-0.014507796066800362,1.0,-4.352338820040108,2022,3,True
Sam Billings,4.0,-4.969455446974784,-1.242363861743696,0.0,0.0,0.0,4.0,-4.969455446974784,-1.242363861743696,-0.06023582359969436,4.0,-4.517686769977077,2022,3,True
Shreevats Goswami,8.0,-11.886464600056858,-1.4858080750071072,0.0,0.0,0.0,8.0,-11.886464600056858,-1.4858080750071072,-0.14407835878856798,8.0,-5.402938454571299,2022,3,True
